{
  "type": "Topology",
  "objects": {
    "land": {
      "type": "MultiPolygon",
      "arcs": [[[0]],[[1]],[[2]],[[3]],[[4]]]
    },
    "countries": {
      "type": "GeometryCollection",
      "geometries": [
        {
          "type": "MultiPolygon",
          "id": "840",
          "arcs": [[[106,107,108,109,110,111]],[[112]],[[113]],[[114]]],
          "properties": {"name": "United States"}
        },
        {
          "type": "MultiPolygon",
          "id": "036",
          "arcs": [[[115]],[[116]]],
          "properties": {"name": "Australia"}
        },
        {
          "type": "Polygon",
          "id": "250",
          "arcs": [[117,118,119,120]],
          "properties": {"name": "France"}
        }
      ]
    }
  },
  "arcs": [
    [[100,0],[0,100],[-100,0],[0,-100],[100,0]],
    [[150,50],[0,100],[-150,0],[0,-100],[150,50]],
    [[200,0],[0,100],[-200,0],[0,-100],[200,0]],
    [[250,50],[0,100],[-250,0],[0,-100],[250,50]],
    [[300,0],[0,100],[-300,0],[0,-100],[300,0]]
  ],
  "transform": {
    "scale": [0.036000360003600037,0.016925586033320111],
    "translate": [-180,-85.60903777459777]
  },
  "bbox": [-180,-85.60903777459777,180,83.64513]
}